{"cameraMode":{"drawMode":0,"name":"Shaded","section":"Shading Mode"},"sceneLighting":true,"audioPlay":false,"sceneViewState":{"m_AlwaysRefresh":false,"showFog":true,"showSkybox":true,"showFlares":true,"showImageEffects":true,"showParticleSystems":true,"showVisualEffectGraphs":true,"m_FxEnabled":true},"in2DMode":false,"pivot":{"x":-1.876139760017395,"y":-11.308786392211914,"z":37.94696044921875},"rotation":{"x":0.16715314984321595,"y":-0.026616089046001436,"z":0.004513079300522804,"w":0.985576868057251},"size":27.25950050354004,"orthographic":false}