{"cameraMode":{"drawMode":0,"name":"Shaded","section":"Shading Mode"},"sceneLighting":false,"audioPlay":false,"sceneViewState":{"m_AlwaysRefresh":false,"showFog":true,"showSkybox":false,"showFlares":true,"showImageEffects":true,"showParticleSystems":true,"showVisualEffectGraphs":true,"m_FxEnabled":true},"in2DMode":false,"pivot":{"x":-10007.41015625,"y":10.000007629394532,"z":-7.410630702972412},"rotation":{"x":-0.28433749079704287,"y":0.0034501112531870605,"z":-0.0010145127307623625,"w":-0.9587453007698059},"size":16.423110961914064,"orthographic":true}