{"cameraMode":{"drawMode":0,"name":"Shaded","section":"Shading Mode"},"sceneLighting":false,"audioPlay":false,"sceneViewState":{"m_AlwaysRefresh":false,"showFog":true,"showSkybox":false,"showFlares":true,"showImageEffects":true,"showParticleSystems":true,"showVisualEffectGraphs":true,"m_FxEnabled":true},"in2DMode":false,"pivot":{"x":-0.015914320945739747,"y":1.5916227102279664,"z":-0.015648603439331056},"rotation":{"x":-0.08670061081647873,"y":-0.20998615026474,"z":0.01870313659310341,"w":-0.9737070202827454},"size":2.314950704574585,"orthographic":true}